[{"model": "admin.logentry", "pk": 1, "fields": {"action_time": "2023-12-01T15:16:40.158Z", "user": 1, "content_type": 6, "object_id": "2", "object_repr": "TestUser@yandex.ru", "action_flag": 1, "change_message": "[{\"added\": {}}]"}}, {"model": "admin.logentry", "pk": 2, "fields": {"action_time": "2023-12-01T15:18:07.779Z", "user": 1, "content_type": 10, "object_id": "1", "object_repr": "Python разработчик", "action_flag": 1, "change_message": "[{\"added\": {}}]"}}, {"model": "admin.logentry", "pk": 3, "fields": {"action_time": "2023-12-01T15:18:36.761Z", "user": 1, "content_type": 10, "object_id": "2", "object_repr": "Frontend разработчик", "action_flag": 1, "change_message": "[{\"added\": {}}]"}}, {"model": "admin.logentry", "pk": 4, "fields": {"action_time": "2023-12-01T15:18:41.814Z", "user": 1, "content_type": 6, "object_id": "2", "object_repr": "TestUser@yandex.ru", "action_flag": 2, "change_message": "[{\"changed\": {\"fields\": [\"Paid courses\"]}}]"}}, {"model": "admin.logentry", "pk": 5, "fields": {"action_time": "2023-12-01T15:18:59.898Z", "user": 1, "content_type": 8, "object_id": "1", "object_repr": "Django - 50", "action_flag": 1, "change_message": "[{\"added\": {}}]"}}, {"model": "admin.logentry", "pk": 6, "fields": {"action_time": "2023-12-01T15:19:09.625Z", "user": 1, "content_type": 8, "object_id": "2", "object_repr": "SQL - 20", "action_flag": 1, "change_message": "[{\"added\": {}}]"}}, {"model": "auth.permission", "pk": 1, "fields": {"name": "Can add log entry", "content_type": 1, "codename": "add_logentry"}}, {"model": "auth.permission", "pk": 2, "fields": {"name": "Can change log entry", "content_type": 1, "codename": "change_logentry"}}, {"model": "auth.permission", "pk": 3, "fields": {"name": "Can delete log entry", "content_type": 1, "codename": "delete_logentry"}}, {"model": "auth.permission", "pk": 4, "fields": {"name": "Can view log entry", "content_type": 1, "codename": "view_logentry"}}, {"model": "auth.permission", "pk": 5, "fields": {"name": "Can add permission", "content_type": 2, "codename": "add_permission"}}, {"model": "auth.permission", "pk": 6, "fields": {"name": "Can change permission", "content_type": 2, "codename": "change_permission"}}, {"model": "auth.permission", "pk": 7, "fields": {"name": "Can delete permission", "content_type": 2, "codename": "delete_permission"}}, {"model": "auth.permission", "pk": 8, "fields": {"name": "Can view permission", "content_type": 2, "codename": "view_permission"}}, {"model": "auth.permission", "pk": 9, "fields": {"name": "Can add group", "content_type": 3, "codename": "add_group"}}, {"model": "auth.permission", "pk": 10, "fields": {"name": "Can change group", "content_type": 3, "codename": "change_group"}}, {"model": "auth.permission", "pk": 11, "fields": {"name": "Can delete group", "content_type": 3, "codename": "delete_group"}}, {"model": "auth.permission", "pk": 12, "fields": {"name": "Can view group", "content_type": 3, "codename": "view_group"}}, {"model": "auth.permission", "pk": 13, "fields": {"name": "Can add content type", "content_type": 4, "codename": "add_contenttype"}}, {"model": "auth.permission", "pk": 14, "fields": {"name": "Can change content type", "content_type": 4, "codename": "change_contenttype"}}, {"model": "auth.permission", "pk": 15, "fields": {"name": "Can delete content type", "content_type": 4, "codename": "delete_contenttype"}}, {"model": "auth.permission", "pk": 16, "fields": {"name": "Can view content type", "content_type": 4, "codename": "view_contenttype"}}, {"model": "auth.permission", "pk": 17, "fields": {"name": "Can add session", "content_type": 5, "codename": "add_session"}}, {"model": "auth.permission", "pk": 18, "fields": {"name": "Can change session", "content_type": 5, "codename": "change_session"}}, {"model": "auth.permission", "pk": 19, "fields": {"name": "Can delete session", "content_type": 5, "codename": "delete_session"}}, {"model": "auth.permission", "pk": 20, "fields": {"name": "Can view session", "content_type": 5, "codename": "view_session"}}, {"model": "auth.permission", "pk": 21, "fields": {"name": "Can add user", "content_type": 6, "codename": "add_user"}}, {"model": "auth.permission", "pk": 22, "fields": {"name": "Can change user", "content_type": 6, "codename": "change_user"}}, {"model": "auth.permission", "pk": 23, "fields": {"name": "Can delete user", "content_type": 6, "codename": "delete_user"}}, {"model": "auth.permission", "pk": 24, "fields": {"name": "Can view user", "content_type": 6, "codename": "view_user"}}, {"model": "auth.permission", "pk": 25, "fields": {"name": "Can add skill", "content_type": 7, "codename": "add_skill"}}, {"model": "auth.permission", "pk": 26, "fields": {"name": "Can change skill", "content_type": 7, "codename": "change_skill"}}, {"model": "auth.permission", "pk": 27, "fields": {"name": "Can delete skill", "content_type": 7, "codename": "delete_skill"}}, {"model": "auth.permission", "pk": 28, "fields": {"name": "Can view skill", "content_type": 7, "codename": "view_skill"}}, {"model": "auth.permission", "pk": 29, "fields": {"name": "Can add skill progress", "content_type": 8, "codename": "add_skillprogress"}}, {"model": "auth.permission", "pk": 30, "fields": {"name": "Can change skill progress", "content_type": 8, "codename": "change_skillprogress"}}, {"model": "auth.permission", "pk": 31, "fields": {"name": "Can delete skill progress", "content_type": 8, "codename": "delete_skillprogress"}}, {"model": "auth.permission", "pk": 32, "fields": {"name": "Can view skill progress", "content_type": 8, "codename": "view_skillprogress"}}, {"model": "auth.permission", "pk": 33, "fields": {"name": "Can add goal", "content_type": 9, "codename": "add_goal"}}, {"model": "auth.permission", "pk": 34, "fields": {"name": "Can change goal", "content_type": 9, "codename": "change_goal"}}, {"model": "auth.permission", "pk": 35, "fields": {"name": "Can delete goal", "content_type": 9, "codename": "delete_goal"}}, {"model": "auth.permission", "pk": 36, "fields": {"name": "Can view goal", "content_type": 9, "codename": "view_goal"}}, {"model": "auth.permission", "pk": 37, "fields": {"name": "Can add course", "content_type": 10, "codename": "add_course"}}, {"model": "auth.permission", "pk": 38, "fields": {"name": "Can change course", "content_type": 10, "codename": "change_course"}}, {"model": "auth.permission", "pk": 39, "fields": {"name": "Can delete course", "content_type": 10, "codename": "delete_course"}}, {"model": "auth.permission", "pk": 40, "fields": {"name": "Can view course", "content_type": 10, "codename": "view_course"}}, {"model": "auth.permission", "pk": 41, "fields": {"name": "Can add article", "content_type": 11, "codename": "add_article"}}, {"model": "auth.permission", "pk": 42, "fields": {"name": "Can change article", "content_type": 11, "codename": "change_article"}}, {"model": "auth.permission", "pk": 43, "fields": {"name": "Can delete article", "content_type": 11, "codename": "delete_article"}}, {"model": "auth.permission", "pk": 44, "fields": {"name": "Can view article", "content_type": 11, "codename": "view_article"}}, {"model": "auth.permission", "pk": 45, "fields": {"name": "Can add answer", "content_type": 12, "codename": "add_answer"}}, {"model": "auth.permission", "pk": 46, "fields": {"name": "Can change answer", "content_type": 12, "codename": "change_answer"}}, {"model": "auth.permission", "pk": 47, "fields": {"name": "Can delete answer", "content_type": 12, "codename": "delete_answer"}}, {"model": "auth.permission", "pk": 48, "fields": {"name": "Can view answer", "content_type": 12, "codename": "view_answer"}}, {"model": "auth.permission", "pk": 49, "fields": {"name": "Can add choice", "content_type": 13, "codename": "add_choice"}}, {"model": "auth.permission", "pk": 50, "fields": {"name": "Can change choice", "content_type": 13, "codename": "change_choice"}}, {"model": "auth.permission", "pk": 51, "fields": {"name": "Can delete choice", "content_type": 13, "codename": "delete_choice"}}, {"model": "auth.permission", "pk": 52, "fields": {"name": "Can view choice", "content_type": 13, "codename": "view_choice"}}, {"model": "auth.permission", "pk": 53, "fields": {"name": "Can add level test", "content_type": 14, "codename": "add_leveltest"}}, {"model": "auth.permission", "pk": 54, "fields": {"name": "Can change level test", "content_type": 14, "codename": "change_leveltest"}}, {"model": "auth.permission", "pk": 55, "fields": {"name": "Can delete level test", "content_type": 14, "codename": "delete_leveltest"}}, {"model": "auth.permission", "pk": 56, "fields": {"name": "Can view level test", "content_type": 14, "codename": "view_leveltest"}}, {"model": "auth.permission", "pk": 57, "fields": {"name": "Can add question", "content_type": 15, "codename": "add_question"}}, {"model": "auth.permission", "pk": 58, "fields": {"name": "Can change question", "content_type": 15, "codename": "change_question"}}, {"model": "auth.permission", "pk": 59, "fields": {"name": "Can delete question", "content_type": 15, "codename": "delete_question"}}, {"model": "auth.permission", "pk": 60, "fields": {"name": "Can view question", "content_type": 15, "codename": "view_question"}}, {"model": "auth.permission", "pk": 61, "fields": {"name": "Can add level test progress", "content_type": 16, "codename": "add_leveltestprogress"}}, {"model": "auth.permission", "pk": 62, "fields": {"name": "Can change level test progress", "content_type": 16, "codename": "change_leveltestprogress"}}, {"model": "auth.permission", "pk": 63, "fields": {"name": "Can delete level test progress", "content_type": 16, "codename": "delete_leveltestprogress"}}, {"model": "auth.permission", "pk": 64, "fields": {"name": "Can view level test progress", "content_type": 16, "codename": "view_leveltestprogress"}}, {"model": "contenttypes.contenttype", "pk": 1, "fields": {"app_label": "admin", "model": "logentry"}}, {"model": "contenttypes.contenttype", "pk": 2, "fields": {"app_label": "auth", "model": "permission"}}, {"model": "contenttypes.contenttype", "pk": 3, "fields": {"app_label": "auth", "model": "group"}}, {"model": "contenttypes.contenttype", "pk": 4, "fields": {"app_label": "contenttypes", "model": "contenttype"}}, {"model": "contenttypes.contenttype", "pk": 5, "fields": {"app_label": "sessions", "model": "session"}}, {"model": "contenttypes.contenttype", "pk": 6, "fields": {"app_label": "users", "model": "user"}}, {"model": "contenttypes.contenttype", "pk": 7, "fields": {"app_label": "skills", "model": "skill"}}, {"model": "contenttypes.contenttype", "pk": 8, "fields": {"app_label": "skills", "model": "skillprogress"}}, {"model": "contenttypes.contenttype", "pk": 9, "fields": {"app_label": "goals", "model": "goal"}}, {"model": "contenttypes.contenttype", "pk": 10, "fields": {"app_label": "courses", "model": "course"}}, {"model": "contenttypes.contenttype", "pk": 11, "fields": {"app_label": "articles", "model": "article"}}, {"model": "contenttypes.contenttype", "pk": 12, "fields": {"app_label": "level_tests", "model": "answer"}}, {"model": "contenttypes.contenttype", "pk": 13, "fields": {"app_label": "level_tests", "model": "choice"}}, {"model": "contenttypes.contenttype", "pk": 14, "fields": {"app_label": "level_tests", "model": "leveltest"}}, {"model": "contenttypes.contenttype", "pk": 15, "fields": {"app_label": "level_tests", "model": "question"}}, {"model": "contenttypes.contenttype", "pk": 16, "fields": {"app_label": "level_tests", "model": "leveltestprogress"}}, {"model": "sessions.session", "pk": "m3wjn75ps7covn1t8x75gxcni2bpepre", "fields": {"session_data": ".eJxVjEEOwiAQRe_C2pDBARGX7nsGMjCDVA1NSrsy3l2bdKHb_977LxVpXWpcu8xxZHVRRh1-t0T5IW0DfKd2m3Se2jKPSW-K3mnXw8TyvO7u30GlXr81uoISwCaxyMgl2EBYMnrjGTyd8OySMYW5AAN4BxCO4CCAiEseWL0_2wc3Yw:1r95FY:g27td1qrkQoezQPQaYtnc67nnLD9BTg8SQb_Iv0nwzE", "expire_date": "2023-12-15T15:16:16.249Z"}}, {"model": "users.user", "pk": 1, "fields": {"password": "pbkdf2_sha256$600000$LLUdqGPSWUZKerQdsLkXB5$zHcYvRoLPlKW/x7yS8c4/SE45GDB3NjoZLoUkeXvy1o=", "last_login": "2023-12-01T15:16:16.242Z", "is_superuser": true, "first_name": "", "last_name": "", "is_staff": true, "is_active": true, "date_joined": "2023-12-01T15:15:46.699Z", "email": "admin@yandex.ru", "groups": [], "user_permissions": [], "paid_courses": []}}, {"model": "users.user", "pk": 2, "fields": {"password": "pbkdf2_sha256$600000$2nFiDFHicMpBKMsWdCQ0U8$rG9du02Murjf4jzVUopMX46EPCtTI/GRF+9O3fujfyo=", "last_login": null, "is_superuser": false, "first_name": "", "last_name": "", "is_staff": false, "is_active": true, "date_joined": "2023-12-01T15:16:39.901Z", "email": "TestUser@yandex.ru", "groups": [], "user_permissions": [], "paid_courses": [1, 2]}}, {"model": "skills.skill", "pk": 1, "fields": {"name": "SQL"}}, {"model": "skills.skill", "pk": 2, "fields": {"name": "Django"}}, {"model": "skills.skill", "pk": 3, "fields": {"name": "PostgreSQL"}}, {"model": "skills.skill", "pk": 4, "fields": {"name": "CSS"}}, {"model": "skills.skill", "pk": 5, "fields": {"name": "JavaScript"}}, {"model": "skills.skill", "pk": 6, "fields": {"name": "HTML"}}, {"model": "skills.skill", "pk": 7, "fields": {"name": "React"}}, {"model": "skills.skill", "pk": 8, "fields": {"name": "Node.js"}}, {"model": "skills.skill", "pk": 9, "fields": {"name": "Git"}}, {"model": "skills.skill", "pk": 10, "fields": {"name": "Python"}}, {"model": "skills.skill", "pk": 11, "fields": {"name": "Angular"}}, {"model": "skills.skill", "pk": 12, "fields": {"name": "MongoDB"}}, {"model": "skills.skill", "pk": 13, "fields": {"name": "RESTful API"}}, {"model": "skills.skill", "pk": 14, "fields": {"name": "TypeScript"}}, {"model": "skills.skill", "pk": 15, "fields": {"name": "Redux"}}, {"model": "skills.skill", "pk": 16, "fields": {"name": "Express.js"}}, {"model": "skills.skill", "pk": 17, "fields": {"name": "SASS"}}, {"model": "skills.skill", "pk": 18, "fields": {"name": "Webpack"}}, {"model": "skills.skill", "pk": 19, "fields": {"name": "GraphQL"}}, {"model": "skills.skill", "pk": 20, "fields": {"name": "Vue.js"}}, {"model": "skills.skill", "pk": 21, "fields": {"name": "Docker"}}, {"model": "skills.skill", "pk": 22, "fields": {"name": "AWS"}}, {"model": "skills.skill", "pk": 23, "fields": {"name": "Azure"}}, {"model": "skills.skill", "pk": 24, "fields": {"name": "Jest"}}, {"model": "skills.skill", "pk": 25, "fields": {"name": "CI/CD"}}, {"model": "skills.skill", "pk": 26, "fields": {"name": "Nginx"}}, {"model": "skills.skill", "pk": 27, "fields": {"name": "Apache"}}, {"model": "skills.skill", "pk": 28, "fields": {"name": "Redis"}}, {"model": "skills.skill", "pk": 29, "fields": {"name": "Puppeteer"}}, {"model": "skills.skill", "pk": 30, "fields": {"name": "Selenium"}}, {"model": "skills.skill", "pk": 31, "fields": {"name": "Responsive Design"}}, {"model": "skills.skill", "pk": 32, "fields": {"name": "MVC"}}, {"model": "skills.skill", "pk": 33, "fields": {"name": "ORM"}}, {"model": "skills.skill", "pk": 34, "fields": {"name": "SPA"}}, {"model": "skills.skill", "pk": 35, "fields": {"name": "Unit Testing"}}, {"model": "skills.skill", "pk": 36, "fields": {"name": "E2E Testing"}}, {"model": "skills.skill", "pk": 37, "fields": {"name": "Agile Methodology"}}, {"model": "skills.skill", "pk": 38, "fields": {"name": "Scrum"}}, {"model": "skills.skill", "pk": 39, "fields": {"name": "Kanban"}}, {"model": "skills.skill", "pk": 40, "fields": {"name": "Pair Programming"}}, {"model": "skills.skill", "pk": 41, "fields": {"name": "Code Review"}}, {"model": "skills.skill", "pk": 42, "fields": {"name": "DevOps"}}, {"model": "skills.skill", "pk": 43, "fields": {"name": "Microservices"}}, {"model": "skills.skill", "pk": 44, "fields": {"name": "Serverless"}}, {"model": "skills.skill", "pk": 45, "fields": {"name": "Continuous Integration"}}, {"model": "skills.skill", "pk": 46, "fields": {"name": "Continuous Deployment"}}, {"model": "skills.skill", "pk": 47, "fields": {"name": "Blockchain"}}, {"model": "skills.skill", "pk": 48, "fields": {"name": "Ethereum"}}, {"model": "skills.skill", "pk": 49, "fields": {"name": "Solidity"}}, {"model": "skills.skill", "pk": 50, "fields": {"name": "Cryptography"}}, {"model": "skills.skillprogress", "pk": 1, "fields": {"user": 2, "skill": 2, "level": 50}}, {"model": "skills.skillprogress", "pk": 2, "fields": {"user": 2, "skill": 1, "level": 20}}, {"model": "courses.course", "pk": 1, "fields": {"name": "Python разработчик", "description": "Курс «Python-разработчик»", "skills": [1, 2, 3, 9, 10, 13, 21, 25, 26]}}, {"model": "courses.course", "pk": 2, "fields": {"name": "Frontend разработчик", "description": "Курс «Фронтенд-разработчик»", "skills": [4, 5, 6, 7, 8, 14, 20]}}]